{
  "project_info": {
    "project_number": "226375252968",
    "project_id": "schooltriptrack",
    "storage_bucket": "schooltriptrack.appspot.com"
  },
  "client": [
    {
      "client_info": {
        "mobilesdk_app_id": "1:226375252968:android:741374eded21ee288a025d",
        "android_client_info": {
          "package_name": "com.creativeapps.school_trip_track_driver"
        }
      },
      "oauth_client": [],
      "api_key": [
        {
          "current_key": "AIzaSyDO8YnhjYwihieeX7omPKmnrNT2CIRTgeI"
        }
      ],
      "services": {
        "appinvite_service": {
          "other_platform_oauth_client": []
        }
      }
    }
  ],
  "configuration_version": "1"
}